date,spot,dvol
2021-10-12,57319.936504,90.49
2021-10-13,55788.154667,93.37
2021-10-14,57223.364223,95.0
2021-10-15,57523.385083,97.87
2021-10-16,61581.871428,90.71
2021-10-17,60857.718336,86.8
2021-10-18,60607.509759,89.66
2021-10-19,61647.984856,92.4
2021-10-20,63939.460858,94.15
2021-10-21,66153.553287,93.04
2021-10-22,62780.130874,92.52
2021-10-23,60699.071242,86.73
2021-10-24,61124.477762,86.31
2021-10-25,60686.611181,89.88
2021-10-26,62880.248215,84.45
2021-10-27,61536.95867,89.01
2021-10-28,58783.657827,88.45
2021-10-29,60799.457425,89.87
2021-10-30,62301.768351,87.58
2021-10-31,61621.668673,87.17
2021-11-01,61068.628222,87.64
2021-11-02,60908.04239,85.45
2021-11-03,63203.244537,87.23
2021-11-04,62877.637456,85.84
2021-11-05,61273.944747,84.73
2021-11-06,61081.175029,85.71
2021-11-07,61217.269018,87.07
2021-11-08,62657.132824,86.59
2021-11-09,66287.402723,86.69
2021-11-10,67087.468661,84.68
2021-11-11,66130.796832,86.36
2021-11-12,65016.673038,85.23
2021-11-13,64020.029124,88.44
2021-11-14,64242.856056,87.74
2021-11-15,64327.898921,87.22
2021-11-16,63892.383196,85.04
2021-11-17,60329.154883,87.28
2021-11-18,60198.735944,89.88
2021-11-19,57633.612702,90.12
2021-11-20,57936.812015,85.78
2021-11-21,59459.778669,85.44
2021-11-22,59405.709367,85.94
2021-11-23,56408.453728,88.98
2021-11-24,57549.095568,89.91
2021-11-25,57049.813537,90.42
2021-11-26,58993.862585,86.52
2021-11-27,54226.933964,86.06
2021-11-28,54740.155612,83.72
2021-11-29,55413.14737,86.32
2021-11-30,58250.945316,82.85
2021-12-01,57480.066223,84.08
2021-12-02,57198.305963,83.64
2021-12-03,56766.00255,85.26
2021-12-04,53927.677869,84.55
2021-12-05,49050.37314,87.29
2021-12-06,49061.744026,89.39
2021-12-07,49670.795075,86.84
2021-12-08,50701.51147,86.0
2021-12-09,50578.797797,87.16
2021-12-10,47875.274639,90.3
2021-12-11,47986.282,89.98
2021-12-12,48770.510287,88.72
2021-12-13,50299.728119,92.25
2021-12-14,46883.341571,90.29
2021-12-15,47640.583692,92.34
2021-12-16,48675.773131,89.34
2021-12-17,47945.013403,86.78
2021-12-18,46578.590878,85.34
2021-12-19,46783.69775,87.43
2021-12-20,46921.993013,87.83
2021-12-21,46770.252868,87.31
2021-12-22,48788.674541,86.04
2021-12-23,48866.544237,82.99
2021-12-24,50793.060681,82.99
2021-12-25,51090.009154,82.57
2021-12-26,50862.971368,81.08
2021-12-27,50541.460413,80.26
2021-12-28,51276.447664,83.29
2021-12-29,47703.459238,76.7
2021-12-30,47255.949654,80.73
2021-12-31,47403.608213,80.68
2022-01-01,46324.236456,75.51
2022-01-02,47462.0157,70.91
2022-01-03,47116.577982,72.06
2022-01-04,46294.442955,71.94
2022-01-05,46157.671053,72.52
2022-01-06,44397.742212,75.64
2022-01-07,43215.396822,73.19
2022-01-08,41738.898293,73.86
2022-01-09,41341.132748,71.56
2022-01-10,42292.933424,73.5
2022-01-11,41599.526556,74.1
2022-01-12,42766.926042,75.37
2022-01-13,43825.7423,71.81
2022-01-14,42715.072211,67.51
2022-01-15,43150.617183,65.13
2022-01-16,43396.920625,62.95
2022-01-17,43066.934309,62.22
2022-01-18,42081.880235,65.23
2022-01-19,41981.487341,67.27
2022-01-20,41849.952756,65.96
2022-01-21,42171.137467,65.24
2022-01-22,37553.547831,77.8
2022-01-23,34905.904645,81.0
2022-01-24,35360.494965,77.29
2022-01-25,36400.152183,78.59
2022-01-26,36940.219649,81.26
2022-01-27,37157.185243,80.39
2022-01-28,36246.342744,80.14
2022-01-29,37475.609148,74.77
2022-01-30,38090.61884,75.18
2022-01-31,37768.084116,74.32
2022-02-01,38487.6539,70.99
2022-02-02,38685.907258,71.81
2022-02-03,37284.744262,75.0
2022-02-04,36791.515371,74.14
2022-02-05,40608.160362,70.14
2022-02-06,41631.31044,67.37
2022-02-07,41746.13044,70.69
2022-02-08,44127.17023,69.18
2022-02-09,43713.250888,70.27
2022-02-10,44468.397645,69.81
2022-02-11,44288.048681,70.81
2022-02-12,42599.206264,72.34
2022-02-13,42464.877644,71.32
2022-02-14,42230.772806,73.05
2022-02-15,42380.705219,72.16
2022-02-16,44151.596896,70.59
2022-02-17,44071.686814,68.07
2022-02-18,40891.936255,71.54
2022-02-19,40053.464031,68.83
2022-02-20,40037.061309,67.72
2022-02-21,38381.675954,73.92
2022-02-22,37767.601277,77.69
2022-02-23,37944.23208,75.22
2022-02-24,37624.990316,73.78
2022-02-25,37692.506875,79.88
2022-02-26,38988.824611,71.44
2022-02-27,39243.157097,72.49
2022-02-28,38001.9702,80.65
2022-03-01,41915.260942,77.47
2022-03-02,43947.671336,76.99
2022-03-03,43870.703026,73.8
2022-03-04,42294.152391,73.7
2022-03-05,39658.353077,79.28
2022-03-06,39420.250094,77.39
2022-03-07,38859.825705,79.72
2022-03-08,37901.258909,80.7
2022-03-09,38693.436866,80.93
2022-03-10,41988.590029,81.01
2022-03-11,39366.973832,80.13
2022-03-12,38801.626266,79.73
2022-03-13,39087.649305,81.13
2022-03-14,38618.897648,82.47
2022-03-15,38935.364662,82.43
2022-03-16,39498.362186,81.98
2022-03-17,40806.682056,81.79
2022-03-18,40854.767831,75.18
2022-03-19,41803.664856,70.75
2022-03-20,42072.49256,71.66
2022-03-21,41321.194882,72.67
2022-03-22,41130.203201,71.8
2022-03-23,42577.597051,71.19
2022-03-24,42365.517065,69.58
2022-03-25,43964.953155,65.47
2022-03-26,44410.867645,62.41
2022-03-27,44471.413803,66.62
2022-03-28,45802.975286,68.62
2022-03-29,47751.126859,63.04
2022-03-30,47499.5327,62.04
2022-03-31,47157.535405,62.44
2022-04-01,45746.861019,64.11
2022-04-02,46308.030633,59.54
2022-04-03,46111.598586,59.26
2022-04-04,46600.418843,59.47
2022-04-05,46161.577111,60.54
2022-04-06,45877.662101,62.88
2022-04-07,43727.214944,66.05
2022-04-08,43558.095341,61.74
2022-04-09,42655.462159,62.19
2022-04-10,42553.428946,59.72
2022-04-11,42903.048241,61.08
2022-04-12,39911.291955,68.28
2022-04-13,39695.751059,65.22
2022-04-14,41209.569141,63.61
2022-04-15,39868.053173,62.1
2022-04-16,40408.806226,60.4
2022-04-17,40328.29569,61.05
2022-04-18,40132.520936,63.59
2022-04-19,40741.231138,63.47
2022-04-20,41388.758983,62.46
2022-04-21,41334.494106,62.19
2022-04-22,40935.989477,63.51
2022-04-23,39588.414721,61.12
2022-04-24,39786.679812,61.34
2022-04-25,39600.030736,62.62
2022-04-26,40128.445405,65.57
2022-04-27,38235.595328,66.78
2022-04-28,39070.834202,65.09
2022-04-29,39930.59481,63.0
2022-04-30,38528.078733,60.54
2022-05-01,38236.990526,62.23
2022-05-02,38170.529308,62.44
2022-05-03,38468.103132,62.42
2022-05-04,37715.879108,64.92
2022-05-05,39638.777995,60.58
2022-05-06,36352.395306,63.13
2022-05-07,35978.421397,62.19
2022-05-08,35609.190384,64.87
2022-05-09,34332.839565,68.59
2022-05-10,30989.29466,84.91
2022-05-11,31082.336511,81.61
2022-05-12,29109.483184,101.25
2022-05-13,28543.36091,114.58
2022-05-14,29794.615087,99.66
2022-05-15,29616.662539,93.57
2022-05-16,30727.043467,92.34
2022-05-17,29879.184566,96.37
2022-05-18,30179.25454,91.46
2022-05-19,29086.72213,100.59
2022-05-20,30153.294259,91.11
2022-05-21,29135.657807,88.56
2022-05-22,29403.024863,84.12
2022-05-23,30068.711877,82.49
2022-05-24,29372.459575,82.54
2022-05-25,29446.925366,82.27
2022-05-26,29728.745898,82.57
2022-05-27,29479.948572,81.63
2022-05-28,28661.686297,84.72
2022-05-29,28980.618907,80.91
2022-05-30,29222.903071,81.2
2022-05-31,31221.978414,75.39
2022-06-01,31775.589631,73.06
2022-06-02,29889.044267,74.75
2022-06-03,30318.192017,73.43
2022-06-04,29629.8803,71.33
2022-06-05,29748.03052,70.96
2022-06-06,29965.0931,72.04
2022-06-07,31376.876044,68.51
2022-06-08,30971.405288,71.51
2022-06-09,30239.674138,71.7
2022-06-10,30107.91576,72.57
2022-06-11,29102.706603,72.55
2022-06-12,28528.507082,75.05
2022-06-13,27412.649424,93.99
2022-06-14,23081.665642,106.0
2022-06-15,21960.493261,103.09
2022-06-16,21877.345,89.15
2022-06-17,20727.198388,119.65
2022-06-18,20520.495621,108.67
2022-06-19,18432.652075,115.03
2022-06-20,20238.630895,109.97
2022-06-21,20261.938906,99.27
2022-06-22,20919.684748,97.96
2022-06-23,20051.831043,99.76
2022-06-24,20777.550141,91.46
2022-06-25,21218.608013,90.66
2022-06-26,21289.224561,86.66
2022-06-27,21220.616944,90.26
2022-06-28,20826.017386,89.09
2022-06-29,20301.986215,87.5
2022-06-30,20157.697295,91.37
2022-07-01,18946.484938,94.14
2022-07-02,19397.859077,92.97
2022-07-03,19270.41139,92.23
2022-07-04,19304.315128,92.07
2022-07-05,19905.874336,86.99
2022-07-06,20247.048516,86.08
2022-07-07,20391.62353,82.25
2022-07-08,21525.75756,81.35
2022-07-09,21811.505209,78.39
2022-07-10,21671.222683,73.55
2022-07-11,20874.041244,75.86
2022-07-12,20316.571057,80.52
2022-07-13,19479.349739,85.86
2022-07-14,19813.430804,80.89
2022-07-15,20591.460712,81.35
2022-07-16,20931.484924,78.7
2022-07-17,21211.472478,81.99
2022-07-18,20970.815219,81.29
2022-07-19,21772.502045,83.39
2022-07-20,23429.79893,82.9
2022-07-21,23478.369618,83.99
2022-07-22,23083.117052,82.38
2022-07-23,22777.466562,84.28
2022-07-24,22299.588879,80.45
2022-07-25,22746.421853,83.17
2022-07-26,21857.284636,81.35
2022-07-27,20987.223365,81.39
2022-07-28,22690.748194,76.49
2022-07-29,23889.943682,76.89
2022-07-30,23908.531412,75.03
2022-07-31,24000.857781,78.55
2022-08-01,23664.785578,78.66
2022-08-02,23056.382368,77.69
2022-08-03,23056.48634,77.79
2022-08-04,23255.91744,75.87
2022-08-05,22556.875183,73.67
2022-08-06,23035.962794,71.85
2022-08-07,23151.777949,71.7
2022-08-08,23235.042875,73.6
2022-08-09,23883.459432,75.17
2022-08-10,23137.604355,74.67
2022-08-11,23809.444847,70.87
2022-08-12,24128.444316,71.48
2022-08-13,24183.123109,70.27
2022-08-14,24467.521069,70.6
2022-08-15,24305.039644,70.89
2022-08-16,24060.61967,70.2
2022-08-17,23907.58816,71.55
2022-08-18,23364.278217,75.32
2022-08-19,23344.236656,74.82
2022-08-20,21217.137377,81.24
2022-08-21,21098.364067,77.7
2022-08-22,21516.886354,79.02
2022-08-23,21133.647445,80.35
2022-08-24,21513.022909,77.78
2022-08-25,21634.806103,75.59
2022-08-26,21588.068863,73.83
2022-08-27,20600.799448,72.6
2022-08-28,19988.794785,73.03
2022-08-29,19948.410939,76.17
2022-08-30,20184.2682,73.2
2022-08-31,19880.301166,75.78
2022-09-01,20128.508944,75.04
2022-09-02,19987.521658,77.83
2022-09-03,19930.631884,74.66
2022-09-04,19767.637999,77.86
2022-09-05,19880.112463,76.01
2022-09-06,19754.624019,76.88
2022-09-07,18934.439438,81.46
2022-09-08,19228.02171,76.12
2022-09-09,19300.169219,75.72
2022-09-10,21278.36439,75.12
2022-09-11,21561.116822,78.15
2022-09-12,21634.209259,78.91
2022-09-13,22365.995993,79.15
2022-09-14,20275.66004,81.07
2022-09-15,20038.263813,78.19
2022-09-16,19777.494331,76.05
2022-09-17,19667.140726,70.57
2022-09-18,20063.843053,69.14
2022-09-19,19571.960798,74.86
2022-09-20,19424.325785,70.23
2022-09-21,18953.806782,75.86
2022-09-22,18818.896308,76.7
2022-09-23,19270.166605,74.81
2022-09-24,18953.528295,74.23
2022-09-25,19021.460432,73.21
2022-09-26,18880.259206,75.88
2022-09-27,19154.005765,76.71
2022-09-28,19041.913048,76.88
2022-09-29,19534.951345,79.4
2022-09-30,19431.490891,77.52
2022-10-01,19500.124666,74.06
2022-10-02,19285.916475,72.26
2022-10-03,19184.774325,76.42
2022-10-04,19571.275193,70.07
2022-10-05,20239.735328,69.87
2022-10-06,20137.164406,71.16
2022-10-07,19995.323503,68.73
2022-10-08,19515.475796,65.99
2022-10-09,19426.549628,64.84
2022-10-10,19453.384104,67.51
2022-10-11,19212.562884,68.98
2022-10-12,19029.322509,70.6
2022-10-13,19155.147349,70.2
2022-10-14,19372.94285,66.11
2022-10-15,19188.861306,62.08
2022-10-16,19091.96846,62.66
2022-10-17,19252.42064,63.27
2022-10-18,19528.672708,60.01
2022-10-19,19295.867572,62.26
2022-10-20,19179.930631,60.9
2022-10-21,19042.517776,61.44
2022-10-22,19174.651109,62.19
2022-10-23,19191.176846,62.14
2022-10-24,19517.523662,64.07
2022-10-25,19347.587621,64.31
2022-10-26,20167.343046,65.61
2022-10-27,20771.168524,66.28
2022-10-28,20440.841039,61.41
2022-10-29,20624.588701,55.08
2022-10-30,20830.45052,57.8
2022-10-31,20652.78175,60.36
2022-11-01,20426.794349,59.63
2022-11-02,20460.510436,59.92
2022-11-03,20258.041797,56.41
2022-11-04,20229.241156,53.98
2022-11-05,21069.631122,54.19
2022-11-06,21319.443548,55.9
2022-11-07,21151.4175,56.76
2022-11-08,20694.79975,59.48
2022-11-09,18476.029323,76.66
2022-11-10,16293.53269,114.72
2022-11-11,17558.756574,93.12
2022-11-12,16793.495468,102.11
2022-11-13,16814.556406,102.92
2022-11-14,16434.358449,107.88
2022-11-15,16437.724756,98.18
2022-11-16,16820.02625,89.99
2022-11-17,16558.500788,98.64
2022-11-18,16674.87476,76.97
2022-11-19,16614.619272,74.71
2022-11-20,16653.601801,72.41
2022-11-21,16427.269131,80.26
2022-11-22,15798.787158,80.81
2022-11-23,16134.434622,79.71
2022-11-24,16491.83685,75.27
2022-11-25,16564.848089,72.21
2022-11-26,16511.786021,64.89
2022-11-27,16481.635185,65.49
2022-11-28,16540.426219,67.12
2022-11-29,16202.409997,67.44
2022-11-30,16441.134991,64.8
2022-12-01,17043.718018,64.05
2022-12-02,16944.632177,60.05
2022-12-03,17008.491884,58.75
2022-12-04,16945.988624,61.15
2022-12-05,17102.253618,61.84
2022-12-06,16971.130515,56.01
2022-12-07,16984.946016,56.74
2022-12-08,16824.649677,61.83
2022-12-09,17196.606372,55.71
2022-12-10,17129.176174,58.71
2022-12-11,17167.741472,59.55
2022-12-12,17145.051057,61.79
2022-12-13,17108.408009,61.15
2022-12-14,17737.100736,60.66
2022-12-15,17894.725716,55.19
2022-12-16,17391.473888,57.74
2022-12-17,16802.300293,63.31
2022-12-18,16724.082733,62.29
2022-12-19,16766.113643,66.48
2022-12-20,16540.330584,63.62
2022-12-21,16873.105447,60.1
2022-12-22,16786.833986,59.12
2022-12-23,16729.203846,56.14
2022-12-24,16814.146853,53.67
2022-12-25,16838.399634,52.35
2022-12-26,16794.390719,53.68
2022-12-27,16839.466284,53.22
2022-12-28,16665.452152,54.05
2022-12-29,16564.921454,57.19
2022-12-30,16607.486047,54.59
2022-12-31,16564.317004,49.82
2023-01-01,16545.873933,48.31
2023-01-02,16599.637817,46.96
2023-01-03,16714.619825,50.02
2023-01-04,16650.328568,48.95
2023-01-05,16845.96471,46.87
2023-01-06,16840.495841,45.45
2023-01-07,16917.727532,43.61
2023-01-08,16938.825612,42.02
2023-01-09,16964.161806,42.79
2023-01-10,17253.967683,44.06
2023-01-11,17434.67514,45.47
2023-01-12,17563.20915,47.55
2023-01-13,18859.608994,51.42
2023-01-14,19557.395138,61.12
2023-01-15,20862.767357,73.62
2023-01-16,20866.882143,70.2
2023-01-17,21210.81601,64.92
2023-01-18,21299.33287,63.35
2023-01-19,20822.81285,63.34
2023-01-20,21029.468909,56.9
2023-01-21,22037.215822,59.48
2023-01-22,23123.705431,65.79
2023-01-23,22674.636742,61.99
2023-01-24,22943.444555,64.38
2023-01-25,22905.604967,61.33
2023-01-26,22970.318785,61.49
2023-01-27,23047.738555,57.0
2023-01-28,23152.375661,55.0
2023-01-29,23010.641226,54.49
2023-01-30,23761.882229,58.92
2023-01-31,22817.325731,56.4
2023-02-01,23084.520598,58.82
2023-02-02,23470.600475,58.04
2023-02-03,23748.153122,57.71
2023-02-04,23397.911806,54.25
2023-02-05,23417.853741,54.16
2023-02-06,22912.427217,55.23
2023-02-07,22947.377129,54.56
2023-02-08,23152.509565,53.31
2023-02-09,22912.512978,52.99
2023-02-10,22044.794863,51.95
2023-02-11,21666.561402,48.69
2023-02-12,21735.508618,47.13
2023-02-13,21895.419384,47.5
2023-02-14,21650.562973,50.65
2023-02-15,22196.041328,49.17
2023-02-16,23763.941686,52.67
2023-02-17,24523.225548,58.8
2023-02-18,24562.247683,60.77
2023-02-19,24650.416898,58.37
2023-02-20,24477.935196,59.94
2023-02-21,24797.825955,60.75
2023-02-22,24469.340845,60.82
2023-02-23,23888.695003,56.83
2023-02-24,23914.026918,54.93
2023-02-25,23133.669426,50.49
2023-02-26,23005.104138,50.29
2023-02-27,23496.258143,51.34
2023-02-28,23343.277487,50.44
2023-03-01,23269.456715,50.37
2023-03-02,23549.361315,54.71
2023-03-03,23444.495231,53.72
2023-03-04,22321.888677,52.2
2023-03-05,22279.935188,51.57
2023-03-06,22426.395363,50.84
2023-03-07,22424.350025,51.78
2023-03-08,22132.649452,51.46
2023-03-09,21962.845455,50.12
2023-03-10,20623.745359,54.39
2023-03-11,20030.549097,54.2
2023-03-12,20497.67497,59.82
2023-03-13,21493.214566,58.87
2023-03-14,24259.36268,62.24
2023-03-15,24837.116901,63.46
2023-03-16,24441.68845,64.15
2023-03-17,24929.582457,62.45
2023-03-18,27002.822575,66.59
2023-03-19,27301.676615,67.25
2023-03-20,28178.809969,73.34
2023-03-21,27974.775675,68.23
2023-03-22,28142.533944,70.06
2023-03-23,27464.731601,63.89
2023-03-24,28230.856586,66.43
2023-03-25,27579.521038,65.06
2023-03-26,27429.385818,61.59
2023-03-27,27898.663479,63.23
2023-03-28,27094.397106,62.12
2023-03-29,27223.293186,60.13
2023-03-30,28370.692817,64.49
2023-03-31,28005.465217,62.74
2023-04-01,28447.063512,58.52
2023-04-02,28458.33827,58.17
2023-04-03,28085.240973,60.28
2023-04-04,27877.398836,61.83
2023-04-05,28191.991116,59.65
2023-04-06,28158.293541,58.02
2023-04-07,28031.697978,57.06
2023-04-08,27920.104403,54.5
2023-04-09,27949.034821,55.26
2023-04-10,28221.390833,58.56
2023-04-11,29344.921192,62.16
2023-04-12,30229.731043,60.18
2023-04-13,29931.181929,55.87
2023-04-14,30373.219599,55.47
2023-04-15,30406.48992,53.46
2023-04-16,30335.892819,53.81
2023-04-17,30373.528143,56.4
2023-04-18,29497.44806,55.6
2023-04-19,30276.237887,55.63
2023-04-20,29157.686273,55.71
2023-04-21,28248.432559,56.11
2023-04-22,27407.508271,54.82
2023-04-23,27688.55043,54.53
2023-04-24,27515.961313,54.22
2023-04-25,27416.795528,52.72
2023-04-26,27975.841693,52.38
2023-04-27,28594.764756,55.47
2023-04-28,29597.700895,55.07
2023-04-29,29337.180708,50.73
2023-04-30,29230.718203,50.68
2023-05-01,29424.81911,53.3
2023-05-02,28003.937838,53.19
2023-05-03,28712.559858,53.21
2023-05-04,28720.5242,52.92
2023-05-05,28834.790579,51.9
2023-05-06,29525.600146,51.67
2023-05-07,28887.037431,50.53
2023-05-08,28877.942129,51.68
2023-05-09,27538.140644,51.34
2023-05-10,27620.808825,51.98
2023-05-11,27645.408303,50.86
2023-05-12,26952.997437,51.21
2023-05-13,26527.112604,50.09
2023-05-14,26879.65361,48.35
2023-05-15,26913.805378,48.02
2023-05-16,27366.524665,52.28
2023-05-17,27006.34384,50.57
2023-05-18,27319.260117,49.72
2023-05-19,26766.683023,46.28
2023-05-20,26874.190691,46.52
2023-05-21,27062.156444,46.34
2023-05-22,26831.126025,47.02
2023-05-23,26876.450363,47.58
2023-05-24,27197.630306,50.08
2023-05-25,26330.217606,51.3
2023-05-26,26453.511134,47.77
2023-05-27,26746.885904,45.24
2023-05-28,26780.217528,43.09
2023-05-29,27757.072975,49.94
2023-05-30,27687.096833,47.12
2023-05-31,27766.538956,44.68
2023-06-01,27104.251791,43.93
2023-06-02,26895.934184,42.13
2023-06-03,27203.749399,41.4
2023-06-04,27097.870847,39.75
2023-06-05,27231.801256,41.69
2023-06-06,25649.643982,40.11
2023-06-07,26990.020064,43.65
2023-06-08,26392.809043,45.63
2023-06-09,26559.239136,41.35
2023-06-10,26454.45708,40.8
2023-06-11,25777.599442,43.37
2023-06-12,26019.974376,42.81
2023-06-13,25868.394128,46.45
2023-06-14,25865.590351,45.38
2023-06-15,25394.595052,44.66
2023-06-16,25450.487948,46.63
2023-06-17,26343.960332,45.06
2023-06-18,26509.578701,42.95
2023-06-19,26495.464238,45.41
2023-06-20,26744.427004,45.22
2023-06-21,28093.405137,52.71
2023-06-22,30051.241771,55.83
2023-06-23,30071.219694,51.05
2023-06-24,30815.143725,52.71
2023-06-25,30587.977911,49.15
2023-06-26,30452.836618,49.51
2023-06-27,30197.054415,49.51
2023-06-28,30669.8064,48.92
2023-06-29,30125.836741,48.44
2023-06-30,30472.0802,43.52
2023-07-01,30432.55249,46.06
2023-07-02,30596.904998,46.56
2023-07-03,30568.223966,47.88
2023-07-04,31138.84325,49.05
2023-07-05,30805.109125,46.61
2023-07-06,30476.924801,46.45
2023-07-07,30225.721541,47.96
2023-07-08,30269.047232,45.04
2023-07-09,30186.021645,44.01
2023-07-10,30211.073734,43.89
2023-07-11,30542.665682,44.26
2023-07-12,30557.495011,43.96
2023-07-13,30372.895694,41.26
2023-07-14,31385.863755,45.15
2023-07-15,30239.789505,42.21
2023-07-16,30317.42173,42.98
2023-07-17,30306.301975,42.1
2023-07-18,30022.751001,42.9
2023-07-19,29813.022609,42.67
2023-07-20,29966.599353,40.53
2023-07-21,29766.798054,41.62
2023-07-22,29918.009784,38.76
2023-07-23,29816.416652,39.07
2023-07-24,30093.524985,39.27
2023-07-25,29133.523795,38.25
2023-07-26,29235.606974,37.77
2023-07-27,29437.07323,38.15
2023-07-28,29173.332254,36.36
2023-07-29,29309.608245,35.47
2023-07-30,29347.49921,34.96
2023-07-31,29248.63195,36.33
2023-08-01,29206.752494,36.77
2023-08-02,29227.336765,36.56
2023-08-03,29140.98931,36.82
2023-08-04,29229.898969,36.21
2023-08-05,29035.0432,34.37
2023-08-06,29045.492194,33.79
2023-08-07,29065.921513,34.03
2023-08-08,29124.091937,36.29
2023-08-09,29869.297628,39.85
2023-08-10,29504.069859,38.73
2023-08-11,29416.798015,36.2
2023-08-12,29370.925598,32.74
2023-08-13,29409.702669,32.38
2023-08-14,29365.344296,33.76
2023-08-15,29362.318843,35.01
2023-08-16,29195.255388,34.58
2023-08-17,28976.861032,36.56
2023-08-18,27315.126298,52.3
2023-08-19,26078.045691,43.58
2023-08-20,26089.960829,43.01
2023-08-21,26168.197896,43.18
2023-08-22,26112.664892,42.63
2023-08-23,25827.420274,42.13
2023-08-24,26508.174141,43.38
2023-08-25,26058.110295,41.72
2023-08-26,26012.033098,36.31
2023-08-27,26019.441871,35.52
2023-08-28,26087.359702,36.05
2023-08-29,26036.215977,36.42
2023-08-30,27765.176948,40.6
2023-08-31,27249.490151,38.18
2023-09-01,26091.847931,35.98
2023-09-02,25702.091723,36.09
2023-09-03,25838.861946,35.57
2023-09-04,25969.010735,37.84
2023-09-05,25815.5013,38.3
2023-09-06,25730.809732,39.79
2023-09-07,25708.77783,39.41
2023-09-08,26063.343124,39.74
2023-09-09,25867.728244,40.0
2023-09-10,25876.009896,39.75
2023-09-11,25808.213806,40.52
2023-09-12,25128.224189,44.33
2023-09-13,26021.909513,43.57
2023-09-14,26205.198375,44.05
2023-09-15,26615.725541,41.71
2023-09-16,26491.016733,39.14
2023-09-17,26562.765927,39.52
2023-09-18,26492.739238,39.83
2023-09-19,26790.269722,41.48
2023-09-20,27164.688278,42.53
2023-09-21,27087.735117,43.01
2023-09-22,26592.569029,41.37
2023-09-23,26565.840491,37.29
2023-09-24,26597.554376,37.64
2023-09-25,26487.041405,38.6
2023-09-26,26309.417383,39.25
2023-09-27,26184.902403,38.67
2023-09-28,26261.022314,36.06
2023-09-29,27057.464782,38.63
2023-09-30,26891.967269,33.04
2023-10-01,27025.479202,35.89
2023-10-02,27345.170282,37.5
2023-10-03,27739.062289,38.17
2023-10-04,27370.053423,37.96
2023-10-05,27694.863113,37.28
2023-10-06,27466.499233,36.75
2023-10-07,27990.010044,35.06
2023-10-08,27939.513556,37.61
2023-10-09,27914.759073,37.85
2023-10-10,27607.563696,36.81
2023-10-11,27406.475231,38.53
2023-10-12,26722.119523,36.88
2023-10-13,26712.476967,35.19
2023-10-14,26848.148886,35.37
2023-10-15,26858.372333,36.53
2023-10-16,27105.786753,38.16
2023-10-17,28472.637933,42.63
2023-10-18,28470.037759,41.08
2023-10-19,28304.4914,39.24
2023-10-20,28695.757253,39.18
2023-10-21,29598.159181,44.26
2023-10-22,30046.01469,45.9
2023-10-23,29893.818549,48.81
2023-10-24,31810.399749,55.37
2023-10-25,33832.268692,54.19
2023-10-26,34631.694719,58.36
2023-10-27,34113.783019,55.02
2023-10-28,33760.631182,47.19
2023-10-29,34139.490018,50.23
2023-10-30,34624.551282,54.21
2023-10-31,34435.398597,53.89
2023-11-01,34546.358431,54.76
2023-11-02,35015.954323,59.78
2023-11-03,34883.506131,60.0
2023-11-04,34605.660781,57.89
2023-11-05,34878.495889,62.46
2023-11-06,35005.82482,60.1
2023-11-07,35006.237616,57.36
2023-11-08,35428.640374,55.48
2023-11-09,35654.029999,57.58
2023-11-10,36476.088646,58.87
2023-11-11,37311.343014,56.84
2023-11-12,37028.933771,58.09
2023-11-13,37140.505201,58.33
2023-11-14,36667.486702,56.26
2023-11-15,35514.713733,56.24
2023-11-16,37535.124035,60.51
2023-11-17,36057.198593,55.35
2023-11-18,36462.731423,55.4
2023-11-19,36620.508206,54.38
2023-11-20,36986.499671,56.54
2023-11-21,37527.46673,57.94
2023-11-22,36763.314272,55.72
2023-11-23,37381.692196,55.5
2023-11-24,37289.052019,53.87
2023-11-25,37787.425906,53.65
2023-11-26,37813.503948,52.13
2023-11-27,37463.413681,53.19
2023-11-28,37010.068202,50.62
2023-11-29,38063.590246,50.58
2023-11-30,37794.605649,51.9
2023-12-01,37749.628977,49.8
2023-12-02,38778.267999,51.46
2023-12-03,39327.038879,52.35
2023-12-04,39722.856408,54.72
2023-12-05,41867.871816,55.09
2023-12-06,43874.640506,55.71
2023-12-07,43880.374123,53.71
2023-12-08,43293.528297,52.4
2023-12-09,44174.793109,53.72
2023-12-10,43944.062707,53.98
2023-12-11,43832.150478,55.03
2023-12-12,40963.450589,55.59
2023-12-13,41218.531386,53.87
2023-12-14,42720.835406,53.46
2023-12-15,43010.035768,53.13
2023-12-16,42091.58209,54.15
2023-12-17,42316.773688,53.81
2023-12-18,41894.054966,54.6
2023-12-19,42080.618168,56.02
2023-12-20,42249.033854,57.62
2023-12-21,43745.831042,58.1
2023-12-22,43753.297986,58.63
2023-12-23,43807.086927,57.24
2023-12-24,43773.270821,56.97
2023-12-25,43443.294794,58.73
2023-12-26,43527.295598,58.26
2023-12-27,42248.042478,59.98
2023-12-28,43299.51555,64.35
2023-12-29,42557.576236,63.75
2023-12-30,41966.305399,62.5
2023-12-31,42308.618864,63.11
2024-01-01,42506.902676,64.71
2024-01-02,43528.707457,66.81
2024-01-03,45024.289154,63.75
2024-01-04,42747.298502,65.17
2024-01-05,44279.818118,65.34
2024-01-06,43813.613944,67.64
2024-01-07,43915.718789,71.39
2024-01-08,44106.306714,71.81
2024-01-09,46869.240654,67.16
2024-01-10,46390.849965,64.17
2024-01-11,46296.251271,62.7
2024-01-12,46444.678426,57.3
2024-01-13,43250.486588,57.42
2024-01-14,42875.259707,55.07
2024-01-15,42499.633364,56.87
2024-01-16,42799.157412,55.96
2024-01-17,43204.499009,55.16
2024-01-18,42599.975631,50.79
2024-01-19,41198.360001,48.31
2024-01-20,41616.380248,48.04
2024-01-21,41671.452576,47.96
2024-01-22,41657.611405,47.82
2024-01-23,40001.304493,48.98
2024-01-24,39316.180388,49.59
2024-01-25,39813.984091,47.54
2024-01-26,39871.980469,45.01
2024-01-27,41969.282761,43.73
2024-01-28,42003.7572,42.43
2024-01-29,41911.506304,45.25
2024-01-30,43109.281819,45.36
2024-01-31,43429.277936,46.91
2024-02-01,42890.184048,45.79
2024-02-02,42991.848086,44.76
2024-02-03,43017.081231,42.41
2024-02-04,43046.942289,41.52
2024-02-05,42702.486263,42.69
2024-02-06,42524.950111,42.37
2024-02-07,43154.418938,42.87
2024-02-08,43964.324888,43.82
2024-02-09,45339.738176,44.91
2024-02-10,47511.029022,47.79
2024-02-11,47671.670292,49.91
2024-02-12,48191.448339,51.29
2024-02-13,49940.966029,54.28
2024-02-14,49373.000097,52.19
2024-02-15,51675.848908,55.13
2024-02-16,51843.454264,55.08
2024-02-17,51958.962132,55.24
2024-02-18,51530.174582,56.24
2024-02-19,51914.691325,57.24
2024-02-20,51912.891513,56.83
2024-02-21,51965.739481,55.63
2024-02-22,51199.644454,54.01
2024-02-23,51568.835393,55.38
2024-02-24,50994.553106,52.23
2024-02-25,51551.294255,54.18
2024-02-26,51705.980234,55.17
2024-02-27,54345.386229,56.05
2024-02-28,56997.182144,58.36
2024-02-29,60980.987912,67.76
2024-03-01,61335.713969,65.54
2024-03-02,62459.289434,65.37
2024-03-03,61991.159149,65.82
2024-03-04,62837.648443,71.72
2024-03-05,67364.42637,74.81
2024-03-06,63373.353328,73.19
2024-03-07,66727.350554,74.85
2024-03-08,67502.106837,69.68
2024-03-09,68727.087702,71.87
2024-03-10,68469.93805,75.04
2024-03-11,69236.569561,80.12
2024-03-12,72367.797775,83.02
2024-03-13,71165.700393,78.08
2024-03-14,73136.173116,77.5
2024-03-15,70691.442594,74.58
2024-03-16,68776.323046,76.7
2024-03-17,66630.578053,75.73
2024-03-18,68305.03319,75.93
2024-03-19,67399.716078,74.08
2024-03-20,63706.797476,76.61
2024-03-21,66645.363259,77.73
2024-03-22,65382.971069,75.26
2024-03-23,63403.011158,72.46
2024-03-24,64990.513169,73.68
2024-03-25,66354.326401,72.62
2024-03-26,70505.243851,76.25
2024-03-27,69980.503675,75.39
2024-03-28,68954.55761,75.78
2024-03-29,70789.913262,76.53
2024-03-30,69633.431253,73.11
2024-03-31,69838.479788,74.93
2024-04-01,70924.103194,76.64
2024-04-02,69486.067494,73.81
2024-04-03,65777.415984,74.37
2024-04-04,65910.115454,72.45
2024-04-05,68262.847912,72.31
2024-04-06,67708.556286,71.96
2024-04-07,68541.107166,72.3
2024-04-08,69326.050238,77.43
2024-04-09,71757.210807,76.25
2024-04-10,69040.342485,73.69
2024-04-11,69959.833595,72.32
2024-04-12,70257.917672,68.42
2024-04-13,67046.053626,66.94
2024-04-14,64430.791436,72.95
2024-04-15,64473.758126,71.99
2024-04-16,63299.664932,70.48
2024-04-17,63294.644317,70.88
2024-04-18,61333.063884,70.72
2024-04-19,63382.261732,69.98
2024-04-20,64151.348133,70.4
2024-04-21,64854.393357,71.98
2024-04-22,64816.803479,72.05
2024-04-23,66624.277937,69.37
2024-04-24,66450.570472,64.16
2024-04-25,64211.183326,62.44
2024-04-26,64691.638784,59.29
2024-04-27,63902.700198,55.12
2024-04-28,63262.256347,54.69
2024-04-29,63520.219024,56.79
2024-04-30,63163.69625,55.33
2024-05-01,60196.404705,59.81
2024-05-02,57809.868042,61.22
2024-05-03,59180.758934,56.77
2024-05-04,62464.795357,55.88
2024-05-05,63796.609578,56.89
2024-05-06,63888.29486,58.65
2024-05-07,63309.305859,55.57
2024-05-08,62954.377953,53.76
2024-05-09,61759.859787,55.43
2024-05-10,62556.516181,52.17
2024-05-11,60676.941275,54.27
2024-05-12,60993.109367,54.17
2024-05-13,61337.69985,54.52
2024-05-14,62913.607414,56.13
2024-05-15,61536.997206,56.23
2024-05-16,65913.889031,58.61
2024-05-17,65247.885784,57.49
2024-05-18,66809.928223,55.26
2024-05-19,66910.353036,56.67
2024-05-20,66321.89974,57.32
2024-05-21,69550.943411,61.94
2024-05-22,69783.666706,58.59
2024-05-23,69398.956863,56.8
2024-05-24,67470.611674,53.18
2024-05-25,68874.177786,52.29
2024-05-26,69158.335006,52.21
2024-05-27,68640.983424,53.73
2024-05-28,69636.879876,53.91
2024-05-29,68221.410725,54.76
2024-05-30,67450.983605,53.24
2024-05-31,68613.615914,53.27
2024-06-01,67473.704268,51.99
2024-06-02,67713.203291,50.68
2024-06-03,67740.299199,51.11
2024-06-04,69112.262806,52.77
2024-06-05,70552.209268,53.95
2024-06-06,71172.540782,55.62
2024-06-07,70781.898474,51.87
2024-06-08,69204.176272,50.02
2024-06-09,69388.389225,50.34
2024-06-10,69694.648796,51.79
2024-06-11,69598.005073,50.88
2024-06-12,67274.092457,52.49
2024-06-13,68396.581947,50.56
2024-06-14,66773.935887,49.23
2024-06-15,65720.821452,48.56
2024-06-16,66109.511208,48.03
2024-06-17,66565.690714,47.9
2024-06-18,66630.587108,48.81
2024-06-19,64832.997037,50.06
2024-06-20,64928.740146,48.6
2024-06-21,65016.425817,48.28
2024-06-22,64071.565652,47.11
2024-06-23,64274.510526,46.43
2024-06-24,63830.699543,48.23
2024-06-25,59912.392879,50.96
2024-06-26,61901.03445,48.14
2024-06-27,60903.396475,47.05
2024-06-28,61539.544167,47.94
2024-06-29,60318.269025,45.4
2024-06-30,60915.154923,43.47
2024-07-01,62112.601624,45.44
2024-07-02,63169.922696,44.71
2024-07-03,62005.85957,42.33
2024-07-04,60034.498647,45.36
2024-07-05,58174.458681,47.53
2024-07-06,56535.868865,48.98
2024-07-07,57985.597071,48.21
2024-07-08,56824.378735,50.99
2024-07-09,56478.581859,51.03
2024-07-10,57868.938485,50.05
2024-07-11,57537.324712,48.69
2024-07-12,57497.396075,48.54
2024-07-13,57811.559667,46.32
2024-07-14,58791.080212,49.18
2024-07-15,60452.628891,49.3
2024-07-16,63852.274334,54.52
2024-07-17,64792.160885,56.49
2024-07-18,64416.546568,58.28
2024-07-19,63730.541263,57.1
2024-07-20,66931.421658,60.8
2024-07-21,67260.282001,62.65
2024-07-22,67637.692945,66.0
2024-07-23,67738.406896,67.63
2024-07-24,65880.932176,63.91
2024-07-25,65744.782738,61.39
2024-07-26,65245.260348,61.81
2024-07-27,67789.049869,60.1
2024-07-28,68366.516406,55.04
2024-07-29,68087.850569,52.65
2024-07-30,67258.905077,51.73
2024-07-31,66015.920519,50.62
2024-08-01,65253.424657,48.73
2024-08-02,64198.631001,49.81
2024-08-03,62263.579731,51.4
2024-08-04,60442.466034,51.45
2024-08-05,58755.354331,56.13
2024-08-06,54130.446096,63.08
2024-08-07,56498.560784,61.54
2024-08-08,55084.074379,60.88
2024-08-09,60328.079164,56.81
2024-08-10,60513.662623,55.02
2024-08-11,60993.609627,56.28
2024-08-12,59233.464293,57.11
2024-08-13,59103.149354,57.48
2024-08-14,60745.919135,56.92
2024-08-15,58996.299288,55.31
2024-08-16,57400.598064,55.64
2024-08-17,59273.067606,53.12
2024-08-18,59383.12422,53.71
2024-08-19,59516.181798,55.32
2024-08-20,59112.832007,53.68
2024-08-21,59325.650396,54.06
2024-08-22,61098.020645,54.68
2024-08-23,60434.787013,53.99
2024-08-24,63881.365237,55.43
2024-08-25,64099.776547,55.14
2024-08-26,64337.040953,54.2
2024-08-27,63282.508731,51.58
2024-08-28,61013.40386,52.69
2024-08-29,59153.553269,52.91
2024-08-30,59413.994711,52.98
2024-08-31,59025.769825,51.96
2024-09-01,58967.185962,50.48
2024-09-02,58118.785541,54.36
2024-09-03,58840.222706,52.92
2024-09-04,57954.134277,55.29
2024-09-05,57993.00133,55.73
2024-09-06,56185.613981,56.79
2024-09-07,53578.502053,59.46
2024-09-08,54152.090677,58.84
2024-09-09,54515.527886,59.32
2024-09-10,57048.008435,58.82
2024-09-11,57650.631836,57.18
2024-09-12,57507.623187,54.84
2024-09-13,58174.240509,53.96
2024-09-14,60101.382988,52.51
2024-09-15,59926.663917,52.48
2024-09-16,59637.583854,53.21
2024-09-17,57931.94919,53.29
2024-09-18,60346.25765,53.12
2024-09-19,60482.423546,51.59
2024-09-20,63184.646353,51.95
2024-09-21,62986.142844,50.15
2024-09-22,63216.567578,51.04
2024-09-23,63170.383007,51.13
2024-09-24,63355.392273,50.45
2024-09-25,64127.432449,51.52
2024-09-26,63294.843616,49.75
2024-09-27,65011.021439,52.38
2024-09-28,65807.103565,51.91
2024-09-29,65715.083117,52.6
2024-09-30,65807.535108,54.02
2024-10-01,63514.232359,54.21
2024-10-02,61245.379989,56.64
2024-10-03,60703.755912,56.35
2024-10-04,60780.3056,57.45
2024-10-05,62245.160823,55.53
2024-10-06,61898.049916,55.41
2024-10-07,62651.206512,57.17
2024-10-08,63091.810211,56.6
2024-10-09,62209.149536,55.63
2024-10-10,60883.484394,56.11
2024-10-11,59728.698317,54.97
2024-10-12,62819.709494,57.51
2024-10-13,63111.165175,56.84
2024-10-14,62675.467487,57.14
2024-10-15,65951.279539,57.85
2024-10-16,66755.634031,58.15
2024-10-17,67747.836967,57.44
2024-10-18,67079.842808,56.4
2024-10-19,68529.126684,55.18
2024-10-20,68244.670753,54.7
2024-10-21,68754.482882,56.66
2024-10-22,67574.512323,55.69
2024-10-23,67471.985187,55.77
2024-10-24,66261.908334,56.29
2024-10-25,68123.538425,57.3
2024-10-26,66800.254802,58.08
2024-10-27,67063.358486,55.36
2024-10-28,67812.828849,57.18
2024-10-29,69582.200651,57.78
2024-10-30,72609.8612,59.83
2024-10-31,72229.176237,59.11
2024-11-01,70280.484826,58.23
2024-11-02,69259.668113,59.77
2024-11-03,69414.391163,60.26
2024-11-04,68688.535342,62.49
2024-11-05,67638.768021,64.97
2024-11-06,69599.703983,63.71
2024-11-07,75641.936154,55.97
2024-11-08,76254.290806,53.55
2024-11-09,76681.837116,49.85
2024-11-10,76446.594095,50.54
2024-11-11,80163.448304,53.28
2024-11-12,87039.294501,61.52
2024-11-13,88708.768422,57.69
2024-11-14,90511.296451,58.54
2024-11-15,88351.672252,59.46
2024-11-16,90744.225575,56.29
2024-11-17,90961.608768,56.84
2024-11-18,89744.775609,57.23
2024-11-19,91044.743278,58.3
2024-11-20,92795.352677,58.25
2024-11-21,94127.123857,60.18
2024-11-22,98295.36804,61.29
2024-11-23,99149.599147,60.78
2024-11-24,97788.875353,60.89
2024-11-25,96955.054653,64.09
2024-11-26,94494.010054,60.65
2024-11-27,91913.219944,61.23
2024-11-28,96425.521051,59.73
2024-11-29,95235.342269,57.55
2024-11-30,97363.343901,56.11
2024-12-01,96833.040956,55.17
2024-12-02,97367.144126,57.2
2024-12-03,95596.856031,55.94
2024-12-04,95720.012693,56.5
2024-12-05,97813.700329,57.17
2024-12-06,98909.6026,60.96
2024-12-07,101117.97924,58.44
2024-12-08,100092.19165,57.2
2024-12-09,100043.23619,58.15
2024-12-10,97165.07684,59.74
2024-12-11,96274.734282,59.18
2024-12-12,101144.1008,59.94
2024-12-13,100252.36501,60.14
2024-12-14,101448.44458,59.0
2024-12-15,101112.88941,58.08
2024-12-16,103313.23503,60.65
2024-12-17,106310.90237,58.54
2024-12-18,106457.19941,59.51
2024-12-19,102063.32231,60.49
2024-12-20,97473.809806,59.6
2024-12-21,96964.288463,58.87
2024-12-22,97204.439113,57.87
2024-12-23,95297.206292,61.43
2024-12-24,93706.206102,60.21
2024-12-25,98318.021857,60.83
2024-12-26,98867.168231,60.73
2024-12-27,95603.443434,61.67
2024-12-28,94360.444798,60.61
2024-12-29,94911.383018,60.43
2024-12-30,93422.112881,60.48
2024-12-31,93520.475307,61.03
2025-01-01,93662.770739,60.03
2025-01-02,94392.181769,61.1
2025-01-03,97073.985663,59.85
2025-01-04,98370.633033,58.74
2025-01-05,98272.260984,59.87
2025-01-06,98222.320339,59.55
2025-01-07,102007.2723,58.84
2025-01-08,96786.913054,58.6
2025-01-09,94483.669126,58.47
2025-01-10,92350.731348,59.47
2025-01-11,94879.471921,57.19
2025-01-12,94452.808733,58.52
2025-01-13,94533.528839,59.57
2025-01-14,93199.214725,61.25
2025-01-15,96586.722199,60.87
2025-01-16,99674.532254,61.23
2025-01-17,99935.260526,62.56
2025-01-18,104845.46392,63.19
2025-01-19,104097.17294,65.04
2025-01-20,104239.20181,66.02
2025-01-21,103327.4725,63.07
2025-01-22,106423.86207,61.92
2025-01-23,104178.31442,61.04
2025-01-24,104331.14566,60.08
2025-01-25,105540.19938,57.37
2025-01-26,105008.2893,57.05
2025-01-27,104606.05705,56.74
2025-01-28,100713.60716,59.05
2025-01-29,101622.21044,56.2
2025-01-30,103433.40345,56.15
2025-01-31,105259.62458,54.64
2025-02-01,102397.96368,53.32
2025-02-02,101326.26862,53.77
2025-02-03,97498.349201,57.04
2025-02-04,101218.54388,56.94
2025-02-05,98376.051971,54.03
2025-02-06,97033.828466,54.53
2025-02-07,96472.407284,53.91
2025-02-08,96573.767748,54.17
2025-02-09,96506.872634,53.49
2025-02-10,96024.805522,54.21
2025-02-11,97387.936381,52.4
2025-02-12,95633.655838,54.23
2025-02-13,97336.002963,51.49
2025-02-14,96185.144055,51.76
2025-02-15,97739.040739,51.6
2025-02-16,97575.07964,50.61
2025-02-17,96857.35789,50.84
2025-02-18,95798.098549,51.73
2025-02-19,94535.335776,51.69
2025-02-20,96266.394549,49.15
2025-02-21,98348.430957,49.06
2025-02-22,95786.01521,48.71
2025-02-23,96608.617668,48.6
2025-02-24,95802.026351,48.47
2025-02-25,93721.45948,47.07
2025-02-26,88038.488453,48.59
2025-02-27,84303.898013,51.3
2025-02-28,84054.872514,51.68
2025-03-01,84181.687824,50.76
2025-03-02,85536.857255,51.87
2025-03-03,93852.134001,55.47
2025-03-04,86602.768451,59.48
2025-03-05,87391.103349,62.07
2025-03-06,90042.017201,57.6
2025-03-07,89297.874561,60.15
2025-03-08,87218.344378,54.32
2025-03-09,86169.990712,52.66
2025-03-10,82106.357627,59.1
2025-03-11,78954.146332,59.57
2025-03-12,82916.677211,59.9
2025-03-13,83063.469532,56.89
2025-03-14,80722.863397,55.42
2025-03-15,84339.246753,53.27
2025-03-16,84345.598706,53.46
2025-03-17,82980.890841,55.27
2025-03-18,84179.450964,52.86
2025-03-19,82087.580698,52.0
2025-03-20,85642.181522,54.02
2025-03-21,84207.291518,49.01
2025-03-22,84112.153341,47.56
2025-03-23,84074.656106,48.88
2025-03-24,85198.74557,47.66
2025-03-25,87997.921765,47.32
2025-03-26,87843.930588,46.99
2025-03-27,86803.456604,47.27
2025-03-28,87273.829126,46.61
2025-03-29,83968.620708,49.93
2025-03-30,82447.793428,52.69
2025-03-31,82431.417393,53.73
2025-04-01,82704.535773,51.02
2025-04-02,85119.016309,49.55
2025-04-03,84970.30188,52.61
2025-04-04,82309.632352,52.64
2025-04-05,84010.263862,55.33
2025-04-06,83026.25366,57.1
2025-04-07,78982.017342,59.59
2025-04-08,79024.25308,52.79
2025-04-09,76815.756704,56.84
2025-04-10,82698.676336,53.04
2025-04-11,79640.92624,53.56
2025-04-12,83680.564561,56.15
2025-04-13,85235.768989,57.45
2025-04-14,83838.341588,56.29
2025-04-15,84764.651334,53.31
2025-04-16,84024.753793,50.39
2025-04-17,84286.203361,49.58
2025-04-18,85001.471873,48.41
2025-04-19,84526.817866,46.9
2025-04-20,85202.762612,48.29
2025-04-21,84848.650248,48.2
2025-04-22,87154.584718,49.16
2025-04-23,92030.679723,52.69
2025-04-24,93683.112444,49.42
2025-04-25,93494.782996,46.96
2025-04-26,94970.977515,46.45
2025-04-27,94425.130834,47.42
2025-04-28,94195.003221,48.12
2025-04-29,94579.866356,47.05
2025-04-30,94793.647258,46.17
2025-05-01,94331.434155,45.07
2025-05-02,96599.793482,46.11
2025-05-03,97009.000989,44.54
2025-05-04,96241.38774,44.9
2025-05-05,95335.276671,46.35
2025-05-06,94653.043627,45.0
2025-05-07,95252.981539,46.66
2025-05-08,96739.765379,44.8
2025-05-09,102189.62249,45.88
2025-05-10,103076.86711,45.78
2025-05-11,103509.68627,47.13
2025-05-12,104202.62333,47.13
2025-05-13,102333.74772,45.44
2025-05-14,104387.57168,45.71
2025-05-15,103486.24653,44.79
2025-05-16,103372.5618,43.57
2025-05-17,103722.47164,42.62
2025-05-18,103174.34713,43.13
2025-05-19,104655.94634,44.93
2025-05-20,105374.86822,44.02
2025-05-21,106514.04859,47.3
2025-05-22,108238.92647,49.13
2025-05-23,111308.34419,49.0
2025-05-24,108441.64555,47.68
2025-05-25,108696.38703,47.53
2025-05-26,107956.11328,48.96
2025-05-27,109299.5133,47.13
2025-05-28,109526.57531,46.16
2025-05-29,107487.08821,45.24
2025-05-30,106103.79496,44.61
2025-05-31,104522.26001,43.71
2025-06-01,104733.43985,45.88
2025-06-02,105272.16561,45.13
2025-06-03,104986.15568,42.97
2025-06-04,105856.6923,42.83
2025-06-05,104910.71541,42.18
2025-06-06,101840.65241,42.76
2025-06-07,104488.83678,40.53
2025-06-08,105808.51467,41.99
2025-06-09,106168.121,42.52
2025-06-10,109291.99272,42.61
2025-06-11,109663.482,42.51
2025-06-12,108719.26156,40.95
2025-06-13,106704.12568,39.77
2025-06-14,105472.56641,40.72
2025-06-15,105071.82758,41.0
2025-06-16,105214.516,42.32
2025-06-17,108294.45281,41.73
2025-06-18,104536.86811,41.62
2025-06-19,104528.96473,39.69
2025-06-20,104460.42259,40.21
2025-06-21,103348.6898,40.67
2025-06-22,102276.96506,41.01
2025-06-23,99724.33627,41.75
2025-06-24,104047.93183,39.86
2025-06-25,105848.5684,39.05
2025-06-26,107553.25964,38.4
2025-06-27,107344.15877,38.25
2025-06-28,107039.00803,38.1
2025-06-29,107331.77693,37.71
2025-06-30,107743.67619,39.34
2025-07-01,107376.56316,37.74
2025-07-02,105745.79478,37.61
2025-07-03,109326.40219,39.6
2025-07-04,109769.20038,39.08
2025-07-05,107838.17814,39.21
2025-07-06,108128.60428,38.54
2025-07-07,108930.71565,38.98
2025-07-08,108050.31763,38.71
2025-07-09,108908.55522,37.77
2025-07-10,110812.72916,38.77
2025-07-11,114630.68174,38.62
2025-07-12,117723.43149,37.94
2025-07-13,117453.35166,38.2
2025-07-14,118917.83146,39.24
2025-07-15,119980.8018,39.64
2025-07-16,117085.6585,39.93
2025-07-17,119331.20212,39.07
2025-07-18,119760.50371,39.47
2025-07-19,117642.25928,38.6
2025-07-20,117889.24342,38.85
2025-07-21,117951.87684,39.23
2025-07-22,117338.5809,39.28
2025-07-23,119712.00599,39.88
2025-07-24,118310.93973,39.58
2025-07-25,118807.99237,40.22
2025-07-26,117000.57335,40.06
2025-07-27,118076.49278,38.95
2025-07-28,119225.78378,39.37
2025-07-29,117936.59018,38.27
2025-07-30,117570.21256,35.18
2025-07-31,117190.23088,36.13
2025-08-01,116710.9182,36.73
2025-08-02,113585.60411,38.42
2025-08-03,112552.63327,37.67
2025-08-04,114332.41425,38.03
2025-08-05,115062.45731,36.89
2025-08-06,113740.12364,36.01
2025-08-07,115227.8719,34.88
2025-08-08,117137.04195,35.66
2025-08-09,116732.45593,34.4
2025-08-10,116626.7594,35.07
2025-08-11,118666.12752,35.43
2025-08-12,119007.3569,36.56
2025-08-13,119862.86062,36.94
2025-08-14,122676.11493,39.0
2025-08-15,118127.52408,36.95
2025-08-16,117323.31522,35.37
2025-08-17,117651.05425,35.38
2025-08-18,117779.85149,35.83
2025-08-19,116518.03067,35.99
2025-08-20,113217.9146,37.87
2025-08-21,114131.47239,36.02
2025-08-22,112389.64745,37.25
2025-08-23,116850.11257,34.53
2025-08-24,115141.44552,34.97
2025-08-25,113390.63894,35.07
2025-08-26,110744.55764,37.93
2025-08-27,111277.27196,36.92
2025-08-28,111829.47667,37.91
2025-08-29,112240.02019,36.95
2025-08-30,108237.77329,38.98
2025-08-31,108680.27025,38.85
2025-09-01,108937.83557,39.62
2025-09-02,108713.06669,39.5
2025-09-03,111005.47678,38.8
2025-09-04,112046.71277,38.85
2025-09-05,110427.3911,38.48
2025-09-06,111051.09933,37.49
2025-09-07,110185.14142,37.76
2025-09-08,111177.8643,37.9
2025-09-09,112210.52932,37.08
2025-09-10,111345.53494,37.36
2025-09-11,113725.5684,36.95
2025-09-12,114654.18737,35.26
2025-09-13,116245.30528,34.66
2025-09-14,115863.02326,34.28
2025-09-15,115722.77678,34.41
2025-09-16,115323.65053,35.56
2025-09-17,116753.85539,36.52
2025-09-18,115978.53846,35.55
2025-09-19,117437.59594,33.81
2025-09-20,115491.41281,34.78
2025-09-21,115816.59264,34.48
2025-09-22,115467.71792,34.51
2025-09-23,112655.0473,35.17
2025-09-24,111971.91212,37.14
2025-09-25,113536.90249,36.17
2025-09-26,109422.48034,37.69
2025-09-27,109553.85638,36.55
2025-09-28,109516.51824,36.42
2025-09-29,110969.29476,35.86
2025-09-30,114219.19274,36.39
2025-10-01,114050.15142,36.61
2025-10-02,117608.60605,37.12
2025-10-03,120529.59509,37.39
2025-10-04,122489.46459,38.03
2025-10-05,122097.17485,38.03
2025-10-06,122993.90163,37.95
2025-10-07,125249.67549,39.26
2025-10-08,121741.27886,39.28
2025-10-09,123440.06828,39.44
2025-10-10,121238.69469,39.73
2025-10-11,115013.79108,44.11
2025-10-12,111168.90259,46.15
2025-10-13,114797.39908,46.24
2025-10-14,115559.91062,43.38
2025-10-15,113106.08368,45.01
2025-10-16,111139.73405,45.25
2025-10-17,108115.78301,47.78
2025-10-18,106914.01911,50.0
2025-10-19,107073.15333,49.08
2025-10-20,109010.50901,47.68
2025-10-21,110795.18853,45.95
2025-10-22,110756.24878,49.27
2025-10-23,107637.65517,50.7
2025-10-24,110119.72146,45.13
2025-10-25,110833.84122,42.84
2025-10-26,111560.50545,42.9
2025-10-27,113860.50658,43.91
2025-10-28,114681.39297,42.82
2025-10-29,113498.71449,42.39
2025-10-30,111048.38771,45.07
2025-10-31,107385.33425,44.85
2025-11-01,109530.3052,43.31
2025-11-02,110169.51727,43.49
2025-11-03,110097.3435,44.12
2025-11-04,106746.78925,45.73
2025-11-05,100725.82782,47.79
2025-11-06,103902.16433,46.55
2025-11-07,101275.13809,46.94
2025-11-08,103262.34735,44.61
2025-11-09,102125.57597,44.88
2025-11-10,104454.58411,45.11
2025-11-11,105815.01732,44.3
2025-11-12,102993.34047,46.61
2025-11-13,101607.49808,46.07
2025-11-14,98971.355609,46.52
2025-11-15,95068.409095,49.71
2025-11-16,95653.908515,48.5
2025-11-17,94045.95393,49.64
2025-11-18,91997.637386,50.62
2025-11-19,93045.608737,50.52
2025-11-20,89784.51109,51.04
2025-11-21,86992.747726,54.65
2025-11-22,84518.703433,57.38
2025-11-23,84573.516549,59.16
2025-11-24,87367.243303,56.5
2025-11-25,88666.474437,53.31
2025-11-26,87169.304001,52.56
2025-11-27,90109.89536,49.92
2025-11-28,91477.96209,49.31
2025-11-29,91018.01774,48.7
2025-11-30,90761.331906,49.13
2025-12-01,91215.571602,48.78
2025-12-02,85794.939332,53.13
2025-12-03,91694.741541,49.24
2025-12-04,93252.121882,47.44
2025-12-05,92199.9233,48.03
2025-12-06,89329.697637,48.94
2025-12-07,89462.926983,49.0
2025-12-08,90793.861933,49.65
2025-12-09,90615.585715,49.01
2025-12-10,93271.204803,46.44
2025-12-11,92611.382371,44.92
2025-12-12,91820.28408,44.46
2025-12-13,90280.656445,44.22
2025-12-14,90155.078654,44.65
2025-12-15,88547.552197,46.74
2025-12-16,86019.344755,46.68
2025-12-17,87653.134471,45.69
2025-12-18,86006.469998,47.0
2025-12-19,85465.793446,47.48
2025-12-20,87817.161302,45.06
2025-12-21,88223.76039,45.11
2025-12-22,88323.639816,45.07
2025-12-23,88534.944275,45.09
2025-12-24,87633.317294,43.4
2025-12-25,87576.888314,42.81
2025-12-26,87856.119754,42.55
2025-12-27,87392.600469,41.04
2025-12-28,87555.340515,41.83
2025-12-29,87575.778522,42.11
2025-12-30,87297.932939,42.25
2025-12-31,88205.510704,42.79
2026-01-01,87577.238581,43.01
2026-01-02,88282.838158,42.22
2026-01-03,89978.539993,43.43
2026-01-04,90308.230829,44.4
2026-01-05,91219.36102,44.39
2026-01-06,94178.995283,43.94
2026-01-07,92720.717559,44.09
2026-01-08,91037.00078,44.64
2026-01-09,91041.877032,43.24
2026-01-10,90477.831649,40.52
2026-01-11,90438.970691,41.03
2026-01-12,90609.831037,41.68
2026-01-13,91414.738022,41.27
2026-01-14,94447.502994,41.69
2026-01-15,97234.173899,40.81
2026-01-16,95604.884834,40.61
2026-01-17,95228.047803,38.27
2026-01-18,95267.811573,39.08
2026-01-19,95231.347228,40.23
2026-01-20,92928.841538,39.7
2026-01-21,89206.655957,42.23
2026-01-22,89475.928246,40.14
2026-01-23,89427.229647,38.88
2026-01-24,89768.930527,38.06
2026-01-25,89234.006006,38.27
2026-01-26,86649.048099,41.16
2026-01-27,87994.07695,38.75
2026-01-28,88711.539079,38.2
2026-01-29,89277.241933,38.0
2026-01-30,84105.871115,41.55
2026-01-31,83781.992078,40.45
2026-02-01,77986.250401,47.58
2026-02-02,77219.633766,48.27
2026-02-03,78490.284774,46.29
2026-02-04,75336.533297,51.74
2026-02-05,73099.255712,53.47
2026-02-06,64412.970856,82.62
2026-02-07,70401.18595,58.85
2026-02-08,69357.157317,59.35
2026-02-09,70949.997023,57.29
2026-02-10,70463.537664,54.46
2026-02-11,68822.873513,54.84
2026-02-12,67363.407606,55.29
2026-02-13,65762.324752,55.28
2026-02-14,68921.061929,52.04
2026-02-15,69854.594705,49.89
2026-02-16,68576.103063,51.28
2026-02-17,68318.036621,52.19
2026-02-18,67652.911552,52.01
2026-02-19,66386.298032,53.67
2026-02-20,66889.438201,52.66
2026-02-21,67777.726867,51.43
2026-02-22,68345.487688,51.7
2026-02-23,67467.669782,52.0
2026-02-24,64600.336711,56.1
2026-02-25,64249.789352,57.77
2026-02-26,68862.478135,53.59
2026-02-27,67433.887686,52.19
2026-02-28,65562.042754,52.55
2026-03-01,66503.719179,55.21
2026-03-02,65800.456055,55.07
2026-03-03,69127.322985,53.38
2026-03-04,68379.631723,55.41
2026-03-05,73271.540372,55.5
2026-03-06,71136.8731,54.71
2026-03-07,68221.614907,55.52
2026-03-08,67383.270519,58.63
2026-03-09,66771.357691,60.45
2026-03-10,68770.58763,55.49
2026-03-11,70013.354055,55.04
2026-03-12,70568.578233,53.93
2026-03-13,70256.047384,54.26
2026-03-14,71094.485449,52.98
2026-03-15,70779.313758,53.26
2026-03-16,71945.195601,52.89
2026-03-17,74333.578847,52.81
2026-03-18,74516.939963,51.42
2026-03-19,71245.210953,53.77
2026-03-20,70209.192983,54.27
2026-03-21,70220.583516,54.44
2026-03-22,70303.06036,55.22
2026-03-23,68215.583734,56.74
2026-03-24,70826.787333,53.53
2026-03-25,69936.957129,52.68
2026-03-26,71008.16338,51.04
2026-03-27,68721.287029,52.54
2026-03-28,65949.291314,53.71
2026-03-29,66742.809112,53.74
2026-03-30,66313.773753,54.56
2026-03-31,66627.494703,55.3
2026-04-01,67985.635232,52.25
2026-04-02,68169.723485,51.49
2026-04-03,66909.177314,50.85
2026-04-04,66869.439315,47.41
2026-04-05,67317.855881,47.37
2026-04-06,67700.227935,47.53
2026-04-07,69500.104048,48.99
2026-04-08,69803.166475,47.37
2026-04-09,71346.911097,44.35
2026-04-10,72135.567784,44.52
2026-04-11,73079.182589,43.14
2026-04-12,73407.964314,44.61
2026-04-13,71056.264207,45.43
2026-04-14,73395.32014,44.01
2026-04-15,74248.658266,44.1
2026-04-16,74745.112604,43.92
2026-04-17,74982.443631,42.33
2026-04-18,77339.918572,42.83
2026-04-19,75754.403144,44.1
2026-04-20,74538.950404,43.44
2026-04-21,76117.702823,42.03
2026-04-22,75611.292609,42.13
2026-04-23,78710.440139,43.18
2026-04-24,78000.635898,42.83
2026-04-25,77572.617173,40.16
2026-04-26,77459.549325,40.77
2026-04-27,78308.094155,40.34
2026-04-28,76917.621095,40.62
2026-04-29,76291.80896,40.58
2026-04-30,75671.149064,39.62
2026-05-01,76359.538804,38.88
2026-05-02,78244.852465,38.52
2026-05-03,78560.798071,39.31
2026-05-04,78854.145613,39.05
2026-05-05,80081.789249,41.0
2026-05-06,81405.593914,40.28
2026-05-07,81400.776,39.41
2026-05-08,79992.433308,38.85
2026-05-09,80195.536238,37.66
2026-05-10,80800.517801,38.61
2026-05-11,81398.529218,38.72
2026-05-12,81838.075865,38.33
2026-05-13,80650.069716,38.55
2026-05-14,79484.429048,39.83
2026-05-15,81436.193022,39.02
2026-05-16,79117.639178,39.05
2026-05-17,78217.418951,40.21
2026-05-18,78111.775367,40.24
2026-05-19,76829.991072,39.93
2026-05-20,76823.478821,39.76
2026-05-21,77471.296342,38.47
2026-05-22,77610.191483,36.62
2026-05-23,75964.248236,37.09
2026-05-24,76290.772925,36.7
2026-05-25,76637.614875,36.03
2026-05-26,77328.497413,34.44
2026-05-27,75856.832881,35.86
2026-05-28,74726.058342,37.19
2026-05-29,73509.044457,37.27
2026-05-30,73484.75104,35.99
2026-05-31,73855.78132,35.28
2026-06-01,73619.597889,36.4
2026-06-02,71305.643454,37.27
2026-06-03,67093.846768,43.28
2026-06-04,65287.528919,47.9
2026-06-05,63533.139231,46.17
2026-06-06,60863.610647,49.14
2026-06-07,60652.424056,48.62
2026-06-08,62155.390742,49.37
2026-06-09,63422.12361,45.64
2026-06-10,61813.538991,46.24
2026-06-11,61601.317126,46.96
2026-06-12,63462.25716,43.27
2026-06-13,63562.447627,40.47
2026-06-14,64291.541756,40.77
2026-06-15,64489.978625,40.33
2026-06-16,66485.962693,38.72
2026-06-17,65721.556435,37.67
2026-06-18,64551.787022,39.54
2026-06-19,62835.763666,42.47
2026-06-20,63103.12608,40.54
2026-06-21,63954.057386,39.85
2026-06-22,63823.785296,41.76
2026-06-23,64245.118859,40.41
2026-06-24,62415.921294,41.56
2026-06-25,60405.736905,45.12
2026-06-26,59582.839937,46.56
2026-06-27,59807.421956,45.5
2026-06-28,60196.207183,45.17
2026-06-29,59461.438667,47.66
2026-06-30,60287.962325,42.65
2026-07-01,58552.837186,44.54
2026-07-02,60242.599143,42.91
2026-07-03,61499.439687,40.45
2026-07-04,62430.704234,39.47
2026-07-05,63192.959665,39.18
2026-07-06,63007.312098,38.67
2026-07-07,63945.958465,37.26
2026-07-08,63628.637578,38.87
2026-07-09,62156.250388,39.53
2026-07-10,63223.849449,37.29
2026-07-11,63932.248902,36.23
2026-07-12,64233.248398,36.78
2026-07-13,63992.530338,37.2
2026-07-14,62034.216783,37.78
2026-07-15,64637.170256,36.48
2026-07-16,64879.702954,35.98
2026-07-17,64079.791337,36.37
2026-07-18,64016.29873,36.33
2026-07-19,64618.748581,35.72
2026-07-20,64486.759222,36.11
2026-07-21,65232.420324,36.26
2026-07-22,66315.342475,37.32
2026-07-23,65911.462992,38.01
2026-07-24,64975.926184,38.47
2026-07-25,64123.536911,37.02
2026-07-26,64320.155309,37.71
2026-07-27,64870.024748,37.34
2026-07-28,64594.914033,37.45
2026-07-29,63769.656447,37.24
2026-07-30,63830.815967,37.45
2026-07-31,64771.249092,35.55
2026-08-01,62949.812864,35.64
2026-08-02,62628.004636,35.55
2026-08-03,63401.438659,35.05
2026-08-04,63691.110583,34.76
2026-08-05,64205.522943,34.04
2026-08-06,64720.590469,34.66
2026-08-07,64365.592637,34.98
2026-08-08,64872.016283,33.94
2026-08-09,64981.438643,34.23
2026-08-10,65089.518513,34.93
2026-08-11,63952.63653,36.33
2026-08-12,63528.401514,36.13
2026-08-13,63395.218528,35.82
2026-08-14,63359.165796,34.81
2026-08-15,62864.163413,34.74
2026-08-16,63041.7498,35.02
2026-08-17,62965.011408,35.16
2026-08-18,64321.211683,34.72
2026-08-19,64629.761567,34.9
2026-08-20,68899.175289,37.84
2026-08-21,72702.071869,39.44
2026-08-22,77754.071,43.29
2026-08-23,77174.279989,42.27
2026-08-24,77501.202534,43.18
2026-08-25,78862.576396,43.41
2026-08-26,78791.549692,43.28
2026-08-27,78600.135505,40.37
2026-08-28,80140.772432,41.52
2026-08-29,77552.525302,38.34
2026-08-30,78178.302626,37.43
2026-08-31,78604.758383,36.99
2026-09-01,78847.054749,37.63
2026-09-02,77204.591499,37.93
2026-09-03,77246.156469,37.19
2026-09-04,81359.534626,39.78
2026-09-05,79712.577866,37.96
2026-09-06,79855.596402,38.66
2026-09-07,79952.048598,39.32
2026-09-08,79155.77723,38.79
2026-09-09,78501.881049,39.92
2026-09-10,78255.449136,40.2
2026-09-11,77064.782903,40.24
2026-09-12,77217.672538,36.75
2026-09-13,77186.375017,36.98
2026-09-14,77126.909494,38.89
2026-09-15,78880.815832,38.57
2026-09-16,75837.295681,39.01
2026-09-17,75890.282345,36.19
2026-09-18,76471.326281,33.59
2026-09-19,81089.692492,35.46
2026-09-20,81247.941964,36.32
2026-09-21,81102.61181,35.65
2026-09-22,86485.825228,38.14
2026-09-23,86308.940852,37.4
2026-09-24,84387.77207,35.81
2026-09-25,84342.669683,36.04
2026-09-26,83956.648847,34.62
2026-09-27,84137.137265,34.92
2026-09-28,84557.391242,35.07
2026-09-29,83520.008113,35.93
2026-09-30,83551.719871,35.12
2026-10-01,83708.733844,35.23
2026-10-02,84696.943645,36.44
2026-10-03,84417.20967,34.82
2026-10-04,84803.0892,35.36
2026-10-05,85844.722864,36.5
2026-10-06,85769.238816,36.1
2026-10-07,85572.957229,36.13
2026-10-08,83311.659568,36.76
2026-10-09,81616.65725,37.74
2026-10-10,82455.343613,36.39
